word;lang
bordel;cs
buzna;cs
chcanky;cs
chuj;cs
debil;cs
dopiÄe;cs
doprdele;cs
drÅ¡Å¥ka;cs
drÅ¾ka;cs
flundra;cs
hajzl;cs
hovno;cs
jebat;cs
kokot;cs
kokotina;cs
koÅˆomrd;cs
kunda;cs
kurva;cs
mamrd;cs
mrdat;cs
mrdka;cs
mrdnÃ­k;cs
osloÅ¡oust;cs
pizda;cs
piÄa;cs
prcat;cs
prdel;cs
prdelka;cs
pÃ­chat;cs
pÃ­Äus;cs
sraÄka;cs
srÃ¡t;cs
vypÃ­Äenec;cs
zkurvit;cs
zkurvysyn;cs
zmrd;cs
ÄumÄ›t;cs
ÄurÃ¡k;cs
Å¡oustat;cs
Å¡ulin;cs
Å¾rÃ¡t;cs
anus;da
bÃ¸sserÃ¸v;da
cock;da
fisse;da
fissehÃ¥r;da
fuck;da
hestepik;da
kussekryller;da
lort;da
luder;da
pik;da
pikhÃ¥r;da
pikslugeri;da
piksutteri;da
pis;da
rÃ¸v;da
rÃ¸vhul;da
rÃ¸vskÃ¦g;da
rÃ¸vsprÃ¦ke;da
shit;da
analritter;de
arsch;de
arschficker;de
arschlecker;de
arschloch;de
bimbo;de
bonze;de
bratze;de
bumsen;de
dÃ¶del;de
fick;de
ficken;de
flittchen;de
fotze;de
fratze;de
hackfresse;de
hure;de
hurensohn;de
ische;de
kackbratze;de
kacke;de
kacken;de
kackwurst;de
kampflesbe;de
kanake;de
kimme;de
lÃ¼mmel;de
milf;de
morgenlatte;de
mufti;de
muschi;de
mÃ¶pse;de
mÃ¶se;de
nackt;de
neger;de
nigger;de
nippel;de
nutte;de
onanieren;de
orgasmus;de
penis;de
pimmel;de
pimpern;de
pinkeln;de
pissen;de
pisser;de
popel;de
poppen;de
porno;de
reudig;de
rosette;de
schabracke;de
scheisser;de
scheiÃŸe;de
schiesser;de
schlampe;de
schnackeln;de
schwanzlutscher;de
schwuchtel;de
tittchen;de
titten;de
vollpfosten;de
vÃ¶geln;de
wichse;de
wichsen;de
wichser;de
2g1c;en
2girls1cup;en
4r5e;en
5h1t;en
5hit;en
a55;en
a_s_s;en
acrotomophilia;en
alabamahotpocket;en
alaskanpipeline;en
anal;en
anilingus;en
anus;en
apeshit;en
ar5e;en
arrse;en
arse;en
arsehole;en
ass;en
ass-fucker;en
ass-hat;en
ass-pirate;en
assbag;en
assbandit;en
assbanger;en
assbite;en
assclown;en
asscock;en
asscracker;en
asses;en
assface;en
assfucker;en
assfukka;en
assgoblin;en
asshat;en
asshead;en
asshole;en
assholes;en
asshopper;en
assjacker;en
asslick;en
asslicker;en
assmonkey;en
assmunch;en
assmuncher;en
asspirate;en
assshole;en
asssucker;en
asswad;en
asswhole;en
asswipe;en
autoerotic;en
b!tch;en
b00bs;en
b17ch;en
b1tch;en
babeland;en
babybatter;en
babyjuice;en
ballbag;en
ballgag;en
ballgravy;en
ballkicking;en
balllicking;en
balls;en
ballsack;en
ballsucking;en
bampot;en
bangbros;en
bangbus;en
bareback;en
barelylegal;en
barenaked;en
bastard;en
bastardo;en
bastinado;en
bbw;en
bdsm;en
beaner;en
beaners;en
beastial;en
beastiality;en
beastility;en
beavercleaver;en
beaverlips;en
bellend;en
bestial;en
bestiality;en
bi+ch;en
biatch;en
bigblack;en
bigbreasts;en
bigknockers;en
bigtits;en
bimbos;en
birdlock;en
bitch;en
bitcher;en
bitchers;en
bitches;en
bitchin;en
bitching;en
blackcock;en
blondeaction;en
blondeonblondeaction;en
bloody;en
blowjob;en
blowjobs;en
blowyourload;en
bluewaffle;en
blumpkin;en
boiolas;en
bollock;en
bollocks;en
bollok;en
bollox;en
bondage;en
boner;en
boob;en
boobie;en
boobs;en
booobs;en
boooobs;en
booooobs;en
booooooobs;en
bootycall;en
breasts;en
brownshowers;en
brunetteaction;en
buceta;en
bugger;en
bukkake;en
bulldyke;en
bulletvibe;en
bullshit;en
bum;en
bunghole;en
bunnyfucker;en
busty;en
butt;en
butt-pirate;en
buttcheeks;en
butthole;en
buttmunch;en
buttplug;en
c0ck;en
c0cksucker;en
cameltoe;en
camgirl;en
camslut;en
camwhore;en
carpetmuncher;en
cawk;en
chinc;en
chink;en
choad;en
chocolaterosebuds;en
chode;en
cialis;en
cipa;en
circlejerk;en
cl1t;en
clevelandsteamer;en
clit;en
clitface;en
clitoris;en
clits;en
cloverclamps;en
clusterfuck;en
cnut;en
cock;en
cock-sucker;en
cockbite;en
cockburger;en
cockface;en
cockhead;en
cockjockey;en
cockknoker;en
cockmaster;en
cockmongler;en
cockmongruel;en
cockmonkey;en
cockmunch;en
cockmuncher;en
cocknose;en
cocknugget;en
cocks;en
cockshit;en
cocksmith;en
cocksmoker;en
cocksuck;en
cocksucked;en
cocksucker;en
cocksucking;en
cocksucks;en
cocksuka;en
cocksukka;en
cok;en
cokmuncher;en
coksucka;en
coochie;en
coochy;en
coon;en
coons;en
cooter;en
coprolagnia;en
coprophilia;en
cornhole;en
cox;en
crap;en
creampie;en
cum;en
cumbubble;en
cumdumpster;en
cumguzzler;en
cumjockey;en
cummer;en
cumming;en
cums;en
cumshot;en
cumshots;en
cumslut;en
cumtart;en
cunilingus;en
cunillingus;en
cunnie;en
cunnilingus;en
cunt;en
cuntface;en
cunthole;en
cuntlick;en
cuntlicker;en
cuntlicking;en
cuntrag;en
cunts;en
cyalis;en
cyberfuc;en
cyberfuck;en
cyberfucked;en
cyberfucker;en
cyberfuckers;en
cyberfucking;en
d1ck;en
dammit;en
damn;en
darkie;en
daterape;en
deepthroat;en
dendrophilia;en
dick;en
dickbag;en
dickbeater;en
dickface;en
dickhead;en
dickhole;en
dickjuice;en
dickmilk;en
dickmonger;en
dickslap;en
dicksucker;en
dickwad;en
dickweasel;en
dickweed;en
dickwod;en
dike;en
dildo;en
dildos;en
dingleberries;en
dingleberry;en
dink;en
dinks;en
dipshit;en
dirsa;en
dirtypillows;en
dirtysanchez;en
dlck;en
dog-fucker;en
doggiestyle;en
doggin;en
dogging;en
doggystyle;en
dogstyle;en
dolcett;en
domination;en
dominatrix;en
dommes;en
donkeypunch;en
donkeyribber;en
doochbag;en
dookie;en
doosh;en
doubledong;en
doublepenetration;en
douche;en
douchebag;en
dpaction;en
dryhump;en
duche;en
dumb;en
dumbshit;en
dumshit;en
dvda;en
dyke;en
eatmyass;en
ecchi;en
ejaculate;en
ejaculated;en
ejaculates;en
ejaculating;en
ejaculatings;en
ejaculation;en
ejakulate;en
erotic;en
erotism;en
escort;en
eunuch;en
f4nny;en
f_u_c_k;en
fag;en
fagbag;en
fagg;en
fagging;en
faggit;en
faggitt;en
faggot;en
faggs;en
fagot;en
fagots;en
fags;en
fagtard;en
fanny;en
fannyflaps;en
fannyfucker;en
fanyy;en
fart;en
farted;en
farting;en
farty;en
fatass;en
fcuk;en
fcuker;en
fcuking;en
fecal;en
feck;en
fecker;en
felatio;en
felch;en
felching;en
fellate;en
fellatio;en
feltch;en
femalesquirting;en
femdom;en
figging;en
fingerbang;en
fingerfuck;en
fingerfucked;en
fingerfucker;en
fingerfuckers;en
fingerfucking;en
fingerfucks;en
fingering;en
fistfuck;en
fistfucked;en
fistfucker;en
fistfuckers;en
fistfucking;en
fistfuckings;en
fistfucks;en
fisting;en
flamer;en
flange;en
fook;en
fooker;en
fool;en
footfetish;en
footjob;en
frotting;en
fuck;en
fucka;en
fuckbuttons;en
fucked;en
fucker;en
fuckers;en
fuckhead;en
fuckheads;en
fuckin;en
fucking;en
fuckings;en
fuckingshitmotherfucker;en
fuckme;en
fucks;en
fucktards;en
fuckwhit;en
fuckwit;en
fudgepacker;en
fuk;en
fuker;en
fukker;en
fukkin;en
fuks;en
fukwhit;en
fukwit;en
futanari;en
fux;en
fux0r;en
g-spot;en
gangbang;en
gangbanged;en
gangbangs;en
gayass;en
gaybob;en
gaydo;en
gaylord;en
gaysex;en
gaytard;en
gaywad;en
genitals;en
giantcock;en
girlon;en
girlontop;en
girlsgonewild;en
goatcx;en
goatse;en
god-dam;en
god-damned;en
goddamn;en
goddamned;en
gokkun;en
goldenshower;en
gooch;en
goodpoop;en
googirl;en
gook;en
goregasm;en
gringo;en
grope;en
groupsex;en
guido;en
guro;en
handjob;en
hardcore;en
hardcoresex;en
heeb;en
hell;en
hentai;en
heshe;en
ho;en
hoar;en
hoare;en
hoe;en
hoer;en
homo;en
homoerotic;en
honkey;en
honky;en
hooker;en
hore;en
horniest;en
horny;en
hotcarl;en
hotchick;en
hotsex;en
howtokill;en
howtomurder;en
hugefat;en
humping;en
incest;en
intercourse;en
jack-off;en
jackass;en
jackoff;en
jailbait;en
jap;en
jellydonut;en
jerk;en
jerk-off;en
jerkoff;en
jigaboo;en
jiggaboo;en
jiggerboo;en
jism;en
jiz;en
jizm;en
jizz;en
juggs;en
kawk;en
kike;en
kinbaku;en
kinkster;en
kinky;en
kiunt;en
knob;en
knobbing;en
knobead;en
knobed;en
knobend;en
knobhead;en
knobjocky;en
knobjokey;en
kock;en
kondum;en
kondums;en
kooch;en
kootch;en
kum;en
kumer;en
kummer;en
kumming;en
kums;en
kunilingus;en
kunt;en
kyke;en
l3i+ch;en
l3itch;en
labia;en
leatherrestraint;en
leatherstraightjacket;en
lemonparty;en
lesbo;en
lezzie;en
livesex;en
lmfao;en
lolita;en
lovemaking;en
lust;en
lusting;en
m0f0;en
m0fo;en
m45terbate;en
ma5terb8;en
ma5terbate;en
makemecome;en
malesquirting;en
masochist;en
master-bate;en
masterb8;en
masterbat*;en
masterbat3;en
masterbate;en
masterbation;en
masterbations;en
masturbate;en
masturbating;en
masturbation;en
menageatrois;en
milf;en
minge;en
missionaryposition;en
mo-fo;en
mof0;en
mofo;en
mong;en
mothafuck;en
mothafucka;en
mothafuckas;en
mothafuckaz;en
mothafucked;en
mothafucker;en
mothafuckers;en
mothafuckin;en
mothafucking;en
mothafuckings;en
mothafucks;en
motherfuck;en
motherfucked;en
motherfucker;en
motherfuckers;en
motherfuckin;en
motherfucking;en
motherfuckings;en
motherfuckka;en
motherfucks;en
moundofvenus;en
mrhands;en
muff;en
muffdiver;en
muffdiving;en
mutha;en
muthafecker;en
muthafuckker;en
muther;en
mutherfucker;en
n1gga;en
n1gger;en
nambla;en
nawashi;en
nazi;en
negro;en
neonazi;en
nigg3r;en
nigg4h;en
nigga;en
niggah;en
niggas;en
niggaz;en
nigger;en
niggers;en
niglet;en
nignog;en
nimphomania;en
nipple;en
nipples;en
nob;en
nobhead;en
nobjocky;en
nobjokey;en
nsfw;en
nsfwimages;en
nude;en
nudity;en
numbnuts;en
nutsack;en
nutten;en
nympho;en
nymphomania;en
octopussy;en
omorashi;en
onecuptwogirls;en
oneguyonejar;en
orgasim;en
orgasims;en
orgasm;en
orgasms;en
orgy;en
p0rn;en
paedophile;en
paki;en
panooch;en
panties;en
panty;en
pawn;en
pecker;en
peckerhead;en
pedobear;en
pedophile;en
pegging;en
penis;en
penisfucker;en
phonesex;en
phuck;en
phuk;en
phuked;en
phuking;en
phukked;en
phukking;en
phuks;en
phuq;en
pieceofshit;en
pigfucker;en
pikey;en
pimpis;en
pis;en
pises;en
pisin;en
pising;en
pisof;en
piss;en
pissed;en
pisser;en
pissers;en
pisses;en
pissflap;en
pissflaps;en
pissin;en
pissing;en
pissoff;en
pisspig;en
playboy;en
pleasurechest;en
polesmoker;en
pollock;en
ponyplay;en
poo;en
poof;en
poon;en
poonani;en
poonany;en
poontang;en
poop;en
poopchute;en
porn;en
porno;en
pornography;en
pornos;en
prick;en
pricks;en
princealbertpiercing;en
pron;en
pthc;en
pube;en
pubes;en
punanny;en
punany;en
punta;en
pusies;en
pusse;en
pussi;en
pussies;en
pussy;en
pussylicking;en
pussys;en
pusy;en
puto;en
queaf;en
queef;en
queerbait;en
queerhole;en
quim;en
raghead;en
ragingboner;en
rape;en
raping;en
rapist;en
rectum;en
renob;en
retard;en
reversecowgirl;en
rimjaw;en
rimjob;en
rimming;en
rosypalm;en
rosypalmandher5sisters;en
ruski;en
rustytrombone;en
s&m;en
s.o.b.;en
s_h_i_t;en
sadism;en
sadist;en
santorum;en
scat;en
schlong;en
scissoring;en
screwing;en
scroat;en
scrote;en
scrotum;en
semen;en
sex;en
sexcam;en
sexo;en
sexual;en
sexuality;en
sexually;en
sexy;en
sh!+;en
sh!t;en
sh1t;en
shag;en
shagger;en
shaggin;en
shagging;en
shavedbeaver;en
shavedpussy;en
shemale;en
shi+;en
shibari;en
shit;en
shit-ass;en
shit-bag;en
shit-bagger;en
shit-brain;en
shit-breath;en
shit-cunt;en
shit-dick;en
shit-eating;en
shit-face;en
shit-faced;en
shit-fit;en
shit-head;en
shit-heel;en
shit-hole;en
shit-house;en
shit-load;en
shit-pot;en
shit-spitter;en
shit-stain;en
shitass;en
shitbag;en
shitbagger;en
shitblimp;en
shitbrain;en
shitbreath;en
shitcunt;en
shitdick;en
shite;en
shiteating;en
shited;en
shitey;en
shitface;en
shitfaced;en
shitfit;en
shitfuck;en
shitfull;en
shithead;en
shitheel;en
shithole;en
shithouse;en
shiting;en
shitings;en
shitload;en
shitpot;en
shits;en
shitspitter;en
shitstain;en
shitted;en
shitter;en
shitters;en
shittiest;en
shitting;en
shittings;en
shitty;en
shity;en
shiz;en
shiznit;en
shota;en
shrimping;en
skank;en
skeet;en
slanteye;en
slut;en
slutbag;en
sluts;en
smeg;en
smegma;en
smut;en
snatch;en
snowballing;en
sodomize;en
sodomy;en
son-of-a-bitch;en
spac;en
spastic;en
spic;en
spick;en
splooge;en
sploogemoose;en
spooge;en
spreadlegs;en
spunk;en
strapon;en
strappado;en
stripclub;en
styledoggy;en
suck;en
sucker;en
sucks;en
suicidegirls;en
sultrywomen;en
swastika;en
swinger;en
t1tt1e5;en
t1tties;en
taintedlove;en
tard;en
tastemy;en
teabagging;en
teets;en
teez;en
testical;en
testicle;en
threesome;en
throating;en
thumbzilla;en
thundercunt;en
tiedup;en
tightwhite;en
tit;en
titfuck;en
tits;en
titt;en
tittie5;en
tittiefucker;en
titties;en
titty;en
tittyfuck;en
tittywank;en
titwank;en
tongueina;en
topless;en
tosser;en
towelhead;en
tranny;en
tribadism;en
tubgirl;en
turd;en
tushy;en
tw4t;en
twat;en
twathead;en
twatlips;en
twatty;en
twink;en
twinkie;en
twogirlsonecup;en
twunt;en
twunter;en
undressing;en
upskirt;en
urethraplay;en
urophilia;en
v14gra;en
v1gra;en
va-j-j;en
vag;en
vagina;en
venusmound;en
viagra;en
vibrator;en
violetwand;en
vjayjay;en
vorarephilia;en
voyeur;en
voyeurweb;en
voyuer;en
vulva;en
w00se;en
wang;en
wank;en
wanker;en
wanky;en
wetback;en
wetdream;en
whitepower;en
whoar;en
whore;en
willies;en
willy;en
worldsex;en
wrappingmen;en
wrinkledstarfish;en
xrated;en
xx;en
xxx;en
yaoi;en
yellowshowers;en
yiffy;en
zoophilia;en
ğŸ–•;en
bugren;eo
bugri;eo
bugru;eo
diofek;eo
diofeka;eo
fek;eo
feken;eo
fekfikanto;eo
feklekulo;eo
fekulo;eo
fik;eo
fikado;eo
fikema;eo
fikfek;eo
fiki;eo
fikilo;eo
fikiÄi;eo
fikiÄu;eo
fikklaÅ­no;eo
fikota;eo
fiku;eo
forfiki;eo
forfikiÄu;eo
forfiku;eo
forfurzu;eo
forpisi;eo
forpisu;eo
furzulo;eo
kacen;eo
kaco;eo
kacsuÄ‰ulo;eo
kojono;eo
piÄ‰en;eo
piÄ‰o;eo
zamenfek;eo
Ä‰iesulino;eo
Ä‰iesulo;eo
2chicas1taza;es
2g1c;es
4r5e;es
5h1t;es
5hit;es
a55;es
abrazaderasdetrÃ©bol;es
acciÃ³ndoblepenetraciÃ³n;es
acciÃ³nmorena;es
acciÃ³nrubia;es
acrotomofilia;es
acuatropatas;es
agujerodetapÃ³n;es
aldaba;es
almohadassucias;es
anal;es
anilingus;es
ano;es
apelo;es
apenaslegal;es
ar5e;es
asaltante;es
asesinato;es
asno;es
asnoduende;es
aspirar;es
assbanger;es
asswipe;es
autoerotico;es
autoerÃ³tico;es
azada;es
b00bs;es
b17ch;es
babeland;es
bampot;es
bandido;es
bangbros;es
bastardo;es
bastinado;es
basurero;es
batidordepollas;es
baÃ±odeoro;es
bbw;es
bdsm;es
bestial;es
bestialidad;es
bien;es
bobo;es
bocadetonel;es
bofetada;es
boiolas;es
bollera;es
bollok;es
bollox;es
bolsadebasura;es
bolsadeculo;es
bolsadepelota;es
bolsadepene;es
bolsillocalientedealabama;es
booooooobs;es
borrachos;es
botonesdemierda;es
brida;es
bromista;es
buceta;es
buenacaca;es
buenachica;es
bukkake;es
bullyke;es
burro;es
buscadorde;es
buscar;es
cabezadechorlito;es
cabezadegallo;es
cabra;es
cabracx;es
cabron;es
cabrones;es
cabrÃ³n;es
caca;es
calientecarl;es
camgirl;es
campana;es
camwhore;es
capullosderosadechocolate;es
caradechocho;es
caradeculo;es
caradegallo;es
caradepene;es
cariÃ±o;es
cebodelacÃ¡rcel;es
cerraduradepÃ¡jaro;es
chaquetarectadecuero;es
chicacaliente;es
chicaen;es
chiflado;es
chiflar;es
chinchilla;es
choad;es
chode;es
chorrosfemeninos;es
chorrosmasculinos;es
chulo;es
chupada;es
chupadordeculos;es
chupandobolas;es
chupapollas;es
chupetÃ³n;es
ciberfuckers;es
cibernÃ©tico;es
cipÃ¡;es
cita;es
cl1t;es
clÃ­toris;es
coca;es
cocinando;es
cockmongruel;es
codiciando;es
coito;es
cojones;es
coksucka;es
comadreja;es
comemiculo;es
comepollas;es
comoasesinar;es
comomatar;es
concha;es
conchadetumadre;es
conejitohijodeputa;es
consolador;es
consoladores;es
coochie;es
cooter;es
coprofagÃ­a;es
coprofilia;es
coprolagnia;es
coquetear;es
cornhole;es
correrse;es
corrida;es
coÃ±o;es
coÃ±os;es
cremita;es
cuchillodecastor;es
culata;es
culo;es
culo-gorro;es
culo-pirata;es
culogay;es
culomono;es
culos;es
cummer;es
cumming;es
cunilingus;es
cunillingus;es
cunnilingus;es
cuntrag;es
cyalis;es
cyberfuc;es
cyberfuck;es
cÃ­rculoidiota;es
cÃ³rneo;es
d1ck;es
dedodecamello;es
dedofollado;es
dendrofilia;es
desmoronamiento;es
desnudo;es
devoradordesemen;es
dickleche;es
dickweed;es
digitaciÃ³n;es
dique;es
direcciÃ³n;es
dlck;es
doblepenetraciÃ³n;es
doblepolla;es
dolcett;es
dominaciÃ³n;es
dominaciÃ³nfemenina;es
dominatriz;es
domos;es
doosh;es
drogas;es
ducha;es
duchasmarrones;es
duro;es
dvda;es
ecchi;es
elella;es
empacadordechocolate;es
empaquetadordedulces;es
enculada;es
erotismo;es
erÃ³tico;es
esclavitud;es
escolta;es
esperma;es
estiloperrito;es
estiloperro;es
estupideces;es
estÃºpido;es
eunuco;es
eyacula;es
eyaculaciÃ³n;es
eyaculado;es
eyaculando;es
eyacular;es
f4nny;es
fannyflaps;es
fannyfucker;es
fanyy;es
fecal;es
feck;es
felaciÃ³n;es
felch;es
felching;es
fetichismodepies;es
fieltro;es
fiestadelimon;es
fiestadesalchichas;es
fijÃ¡ndose;es
folla;es
follaconlosdedos;es
follaconlospuÃ±os;es
follador;es
folladordeculo;es
folladordededos;es
folladordeperros;es
folladordepuÃ±os;es
folladoresdededos;es
folladoresdepuÃ±os;es
follando;es
follandoconelpuÃ±o;es
follandoconlosdedos;es
follandoconlospuÃ±os;es
follar;es
follarconelpuÃ±o;es
follarconlosdedos;es
frijol;es
frijoles;es
frotÃ¡ndose;es
fuk;es
fuker;es
fukker;es
fukkin;es
fuks;es
fukwhit;es
fukwit;es
fumadordepollas;es
futanari;es
fux0r;es
fÃ³llame;es
gallo;es
gallonegro;es
gangbanged;es
gargantaprofunda;es
gaybob;es
gaydo;es
gaywad;es
genitales;es
gilipichis;es
gilipollas;es
gofreazul;es
gokkun;es
golpe;es
gooch;es
gordo;es
gordoenorme;es
goregasmo;es
grandesaldabas;es
grandestetas;es
grandeynegro;es
graznar;es
grieta;es
gringo;es
guido;es
guro;es
hacerseunapaja;es
hacerunapaja;es
haciendoelamor;es
hamburguesa;es
hazmellegar;es
heeb;es
hentai;es
heroÃ­na;es
herrero;es
hijadeputa;es
hijaputa;es
hijodeputa;es
hijoputa;es
hijosdeputa;es
ho;es
hoar;es
hoare;es
homo;es
homoerÃ³tico;es
honky;es
horre;es
idiota;es
imbÃ©cil;es
imbÃ©ciles;es
incesto;es
infierno;es
iratientas;es
jailbait;es
japÃ³n;es
jigaboo;es
jiggerboo;es
jilipollas;es
jism;es
jockey;es
joder;es
jodido;es
jorobaseca;es
juggs;es
jugodebebe;es
jugodepolla;es
kapullo;es
kawk;es
kinbaku;es
kiunt;es
kondum;es
kondums;es
kum;es
kummer;es
kums;es
kunilingus;es
kunt;es
kyke;es
kÃºmer;es
l3i+ch;es
labios;es
labiosdecastor;es
ladrÃ³ndetraseros;es
lamecoÃ±os;es
lameculos;es
lamerelcoÃ±o;es
lamerelculo;es
lamiendocoÃ±os;es
lanzallamas;es
laschicassevolvieronlocas;es
lesbiana;es
lesbo;es
llamadadebotÃ­n;es
lmfao;es
lolita;es
lujuria;es
m0f0;es
m0fo;es
m45terbato;es
ma5terb8;es
ma5terbato;es
maciza;es
macizorra;es
maestro-bate;es
maestrob8;es
maestrodegallos;es
maestromurciÃ©lago*;es
maldiciÃ³n;es
malditasea;es
maldito;es
malditos;es
mamada;es
mamadas;es
mamando;es
mamar;es
mando;es
mapache;es
mapaches;es
marica;es
maricas;es
mariconazo;es
mariconear;es
maricÃ³n;es
martillo;es
masaparabebes;es
mascadordealfombras;es
mascadordeculos;es
masoquista;es
masterbaciones;es
masterbaciÃ³n;es
masterbat3;es
masterbate;es
masticadordealfombras;es
masticartrasero;es
masturbar;es
masturbarse;es
menaje;es
meteduradepata;es
mierda;es
mierdamierdahijodeputa;es
monogallo;es
moras;es
mordazadebola;es
mordeduradegallo;es
mordida;es
moreno;es
mÃ¡scaliente;es
nalgas;es
narizdegallo;es
nazi;es
niÃ±aenlacima;es
nudoso;es
nuez;es
nÃºcleoduro;es
ojete;es
oleoductodealaska;es
orgia;es
orgias;es
orina;es
paja;es
pajadepies;es
patearlapelota;es
payaso;es
pechosgrandes;es
pedo;es
pelotalamiendo;es
pelotas;es
pendejo;es
pepita;es
perilla;es
perillas;es
perra;es
perras;es
persiguiendo;es
pervertido;es
pezÃ³n;es
picazÃ³n;es
pinche;es
pis;es
pistolaconlamano;es
polla;es
pollagigante;es
pollas;es
pollasuka;es
ponchedeburro;es
pozo;es
prostituta;es
puntog;es
puta;es
putadelacam;es
puÃ±o;es
puÃ±ofollado;es
quejÃ¡ndose;es
racimodemierda;es
racista;es
ramera;es
restricciÃ³ndecuero;es
rizado;es
rompeculos;es
rosquilladegelatina;es
rubiasobrerubiaacciÃ³n;es
sacodebolas;es
sacodepelota;es
salsadebolas;es
sangriento;es
secorre;es
semen;es
senos;es
sexo;es
sexocaliente;es
sexoduro;es
sexoengrupo;es
sexogay;es
sexooral;es
seÃ±orgay;es
soplagaitas;es
soplapollas;es
soplatucarga;es
suciosanchez;es
sÃ¡dico;es
tardogay;es
teta;es
tetas;es
tetasgrandes;es
tetona;es
timonel;es
tiradounpedo;es
tirandopedos;es
tontas;es
tonterÃ­as;es
tonto;es
trabajomanual;es
traficantedegallos;es
traficantedepollas;es
trasero-pirata;es
travesti;es
trio;es
tÃ­abuena;es
tÃ­o;es
unamierda;es
vapordecleveland;es
verga;es
vetealamierda;es
vibradebala;es
violaciÃ³nenunacita;es
vulva;es
zarzamora;es
zorra;es
alfrednussi;fi
bylsiÃ¤;fi
haahka;fi
haistapaska;fi
haistavittu;fi
hatullinen;fi
helvetisti;fi
hevonkuusi;fi
hevonpaska;fi
hevonperse;fi
hevonvittu;fi
hevonvitunperse;fi
hitosti;fi
hitto;fi
huorata;fi
hÃ¤ssiÃ¤;fi
juostenkustu;fi
jutku;fi
jutsku;fi
jÃ¤tkÃ¤;fi
kananpaska;fi
koiranpaska;fi
kuinesterinperseestÃ¤;fi
kulli;fi
kullinluikaus;fi
kuppainen;fi
kusaista;fi
kuseksia;fi
kusettaa;fi
kusi;fi
kusipÃ¤Ã¤;fi
kusta;fi
kyrpiintynyt;fi
kyrpiintyÃ¤;fi
kyrpiÃ¤;fi
kyrpÃ¤;fi
kyrpÃ¤naama;fi
kyrvitys;fi
lahtari;fi
lutka;fi
molo;fi
molopÃ¤Ã¤;fi
mulkero;fi
mulkku;fi
mulkvisti;fi
muna;fi
munapÃ¤Ã¤;fi
munaton;fi
mutakuono;fi
mutiainen;fi
naida;fi
nainti;fi
narttu;fi
neekeri;fi
nekru;fi
nuollapersettÃ¤;fi
nussia;fi
nussija;fi
nussinta;fi
paljaalla;fi
palli;fi
pallit;fi
paneskella;fi
panettaa;fi
panna;fi
pano;fi
pantava;fi
paska;fi
paskainen;fi
paskamainen;fi
paskanmarjat;fi
paskantaa;fi
paskapuhe;fi
paskapÃ¤Ã¤;fi
paskattaa;fi
paskiainen;fi
paskoa;fi
pehko;fi
pentele;fi
perkele;fi
perkeleesti;fi
persaukinen;fi
perse;fi
perseennuolija;fi
perseetolalla;fi
persereikÃ¤;fi
perseÃ¤Ã¤liÃ¶;fi
perslÃ¤pi;fi
perspano;fi
persvako;fi
pilkunnussija;fi
pillu;fi
pillut;fi
pipari;fi
piru;fi
pistÃ¤Ã¤;fi
pyllyvako;fi
reikÃ¤;fi
reva;fi
ripsipiirakka;fi
runkata;fi
runkkari;fi
runkkaus;fi
runkku;fi
ryssÃ¤;fi
rÃ¤ttipÃ¤Ã¤;fi
saatanasti;fi
suklaaosasto;fi
tavara;fi
toosa;fi
tuhkaluukku;fi
tumputtaa;fi
turpasauna;fi
tussu;fi
tussukka;fi
tussut;fi
vakipano;fi
vetÃ¤Ã¤kÃ¤teen;fi
viiksi;fi
vittu;fi
vittuilla;fi
vittuilu;fi
vittumainen;fi
vittuuntua;fi
vittuuntunut;fi
vitun;fi
vitusti;fi
vituttaa;fi
vitutus;fi
Ã¤pÃ¤rÃ¤;fi
anakkangputa;fil
bayag;fil
bobo;fil
burat;fil
jakol;fil
kantot;fil
nognog;fil
putaka;fil
putangina;fil
tanga;fil
tangina;fil
ulol;fil
baiser;fr
bander;fr
bigornette;fr
bite;fr
bitte;fr
bloblos;fr
bordel;fr
bourrÃ©;fr
bourrÃ©e;fr
brackmard;fr
branlage;fr
branler;fr
branlette;fr
branleur;fr
branleuse;fr
brouterlecresson;fr
caca;fr
chatte;fr
chiasse;fr
chier;fr
chiottes;fr
clito;fr
clitoris;fr
con;fr
connard;fr
connasse;fr
conne;fr
couilles;fr
cramouille;fr
cul;fr
dÃ©conne;fr
dÃ©conner;fr
emmerdant;fr
emmerder;fr
emmerdeur;fr
emmerdeuse;fr
enculeur;fr
enculeurs;fr
enculÃ©;fr
enculÃ©e;fr
enfoirÃ©;fr
enfoirÃ©e;fr
filledepute;fr
filsdepute;fr
folle;fr
foutre;fr
gerbe;fr
gerber;fr
gouine;fr
grandefolle;fr
grogniasse;fr
gueule;fr
jouir;fr
laputaindetamÃ¨re;fr
malpt;fr
merde;fr
merdeuse;fr
merdeux;fr
meuf;fr
mÃ©nageÃ trois;fr
negro;fr
niquetamÃ¨re;fr
niquetarace;fr
nÃ¨gre;fr
palucher;fr
pipi;fr
pisser;fr
pouffiasse;fr
pousse-crotte;fr
putain;fr
pute;fr
pÃ©dale;fr
pÃ©dÃ©;fr
pÃ©ter;fr
ramoner;fr
sacÃ foutre;fr
sacÃ merde;fr
salaud;fr
salope;fr
suce;fr
tanche;fr
tapette;fr
teuch;fr
tringler;fr
trique;fr
troncher;fr
trouducul;fr
turlute;fr
zigounette;fr
zizi;fr
Ã©tron;fr
calice;fr-ca
criss;fr-ca
crisse;fr-ca
noune;fr-ca
osti;fr-ca
tabarnak;fr-ca
viarge;fr-ca
ainnisort;ga
amadÃ¡n;ga
balbhÃ¡n;ga
bastÃºn;ga
bod;ga
cac;ga
damnÃºort;ga
dÃºndochlab;ga
eejit;ga
feck;ga
feckin;ga
gobshite;ga
lÃºdramÃ¡n;ga
muc;ga
pÃ­osacac;ga
pÃ³gmothÃ³in;ga
*damn;google badwords
*dyke;google badwords
*fuck*;google badwords
*shit*;google badwords
@$$;google badwords
ahole;google badwords
amcik;google badwords
andskota;google badwords
anus;google badwords
arschloch;google badwords
arse*;google badwords
ash0le;google badwords
ash0les;google badwords
asholes;google badwords
ass;google badwords
assface;google badwords
assh0le;google badwords
assh0lez;google badwords
asshole;google badwords
assholes;google badwords
assholz;google badwords
assmonkey;google badwords
assrammer;google badwords
asswipe;google badwords
ayir;google badwords
azzhole;google badwords
b!+ch;google badwords
b!tch;google badwords
b00b*;google badwords
b00bs;google badwords
b17ch;google badwords
b1tch;google badwords
bassterds;google badwords
bastard;google badwords
bastards;google badwords
bastardz;google badwords
basterds;google badwords
basterdz;google badwords
bi+ch;google badwords
bi7ch;google badwords
biatch;google badwords
bitch;google badwords
bitch*;google badwords
bitches;google badwords
blowjob;google badwords
boffing;google badwords
boiolas;google badwords
bollock*;google badwords
boobs;google badwords
breasts;google badwords
buceta;google badwords
butt-pirate;google badwords
butthole;google badwords
buttwipe;google badwords
c0ck;google badwords
c0cks;google badwords
c0k;google badwords
cabron;google badwords
carpetmuncher;google badwords
cawk;google badwords
cawks;google badwords
cazzo;google badwords
chink;google badwords
chraa;google badwords
chuj;google badwords
cipa;google badwords
clit;google badwords
clits;google badwords
cnts;google badwords
cntz;google badwords
cock;google badwords
cock*;google badwords
cock-head;google badwords
cock-sucker;google badwords
cockhead;google badwords
cocks;google badwords
cocksucker;google badwords
crap;google badwords
cum;google badwords
cunt;google badwords
cunt*;google badwords
cunts;google badwords
cuntz;google badwords
d4mn;google badwords
daygo;google badwords
dego;google badwords
dick;google badwords
dick*;google badwords
dike*;google badwords
dild0;google badwords
dild0s;google badwords
dildo;google badwords
dildos;google badwords
dilld0;google badwords
dilld0s;google badwords
dirsa;google badwords
dominatricks;google badwords
dominatrics;google badwords
dominatrix;google badwords
dupa;google badwords
dyke;google badwords
dziwka;google badwords
ejackulate;google badwords
ejakulate;google badwords
ekrem*;google badwords
ekto;google badwords
enculer;google badwords
enema;google badwords
faen;google badwords
fag;google badwords
fag*;google badwords
fag1t;google badwords
faget;google badwords
fagg1t;google badwords
faggit;google badwords
faggot;google badwords
fagit;google badwords
fags;google badwords
fagz;google badwords
faig;google badwords
faigs;google badwords
fanculo;google badwords
fanny;google badwords
fart;google badwords
fatass;google badwords
fcuk;google badwords
feces;google badwords
feg;google badwords
felcher;google badwords
ficken;google badwords
fitt*;google badwords
flikker;google badwords
flippingthebird;google badwords
foreskin;google badwords
fotze;google badwords
fu(*;google badwords
fuck;google badwords
fucker;google badwords
fuckin;google badwords
fucking;google badwords
fucks;google badwords
fudgepacker;google badwords
fuk;google badwords
fuk*;google badwords
fukah;google badwords
fuken;google badwords
fuker;google badwords
fukin;google badwords
fukk;google badwords
fukkah;google badwords
fukken;google badwords
fukker;google badwords
fukkin;google badwords
futkretzn;google badwords
fux0r;google badwords
g00k;google badwords
gay;google badwords
gayboy;google badwords
gaygirl;google badwords
gays;google badwords
gayz;google badwords
god-damned;google badwords
gook;google badwords
guiena;google badwords
h00r;google badwords
h0ar;google badwords
h0r;google badwords
h0re;google badwords
h4x0r;google badwords
hell;google badwords
hells;google badwords
helvete;google badwords
hoar;google badwords
hoer;google badwords
hoer*;google badwords
honkey;google badwords
hoor;google badwords
hoore;google badwords
hore;google badwords
huevon;google badwords
hui;google badwords
injun;google badwords
jackoff;google badwords
jap;google badwords
japs;google badwords
jerk-off;google badwords
jisim;google badwords
jism;google badwords
jiss;google badwords
jizm;google badwords
jizz;google badwords
kanker*;google badwords
kawk;google badwords
kike;google badwords
klootzak;google badwords
knob;google badwords
knobs;google badwords
knobz;google badwords
knulle;google badwords
kraut;google badwords
kuk;google badwords
kuksuger;google badwords
kunt;google badwords
kunts;google badwords
kuntz;google badwords
kurac;google badwords
kurwa;google badwords
kusi*;google badwords
kyrpa*;google badwords
l3i+ch;google badwords
l3itch;google badwords
lesbian;google badwords
lesbo;google badwords
lezzian;google badwords
lipshits;google badwords
lipshitz;google badwords
mamhoon;google badwords
masochist;google badwords
masokist;google badwords
massterbait;google badwords
masstrbait;google badwords
masstrbate;google badwords
masterbaiter;google badwords
masterbat*;google badwords
masterbat3;google badwords
masterbate;google badwords
masterbates;google badwords
masturbat*;google badwords
masturbate;google badwords
merd*;google badwords
mibun;google badwords
mofo;google badwords
monkleigh;google badwords
mothafucker;google badwords
mothafuker;google badwords
mothafukkah;google badwords
mothafukker;google badwords
mother-fucker;google badwords
motherfucker;google badwords
motherfukah;google badwords
motherfuker;google badwords
motherfukkah;google badwords
motherfukker;google badwords
mouliewop;google badwords
muie;google badwords
mulkku;google badwords
muschi;google badwords
muthafucker;google badwords
muthafukah;google badwords
muthafuker;google badwords
muthafukkah;google badwords
muthafukker;google badwords
n1gr;google badwords
nastt;google badwords
nazi;google badwords
nazis;google badwords
nepesaurio;google badwords
nigga;google badwords
nigger;google badwords
nigger*;google badwords
"nigger;";google badwords
"nigur;";google badwords
"niiger;";google badwords
"niigr;";google badwords
nutsack;google badwords
orafis;google badwords
"orgasim;";google badwords
orgasm;google badwords
orgasum;google badwords
oriface;google badwords
orifice;google badwords
orifiss;google badwords
orospu;google badwords
p0rn;google badwords
packi;google badwords
packie;google badwords
packy;google badwords
paki;google badwords
pakie;google badwords
paky;google badwords
paska*;google badwords
pecker;google badwords
peeenus;google badwords
peeenusss;google badwords
peenus;google badwords
peinus;google badwords
pen1s;google badwords
penas;google badwords
penis;google badwords
penis-breath;google badwords
penus;google badwords
penuus;google badwords
perse;google badwords
phuc;google badwords
phuck;google badwords
phuk;google badwords
phuker;google badwords
phukker;google badwords
picka;google badwords
pierdol*;google badwords
pillu*;google badwords
pimmel;google badwords
pimpis;google badwords
piss*;google badwords
pizda;google badwords
polac;google badwords
polack;google badwords
polak;google badwords
poonani;google badwords
poontsee;google badwords
poop;google badwords
porn;google badwords
pr0n;google badwords
pr1c;google badwords
pr1ck;google badwords
pr1k;google badwords
preteen;google badwords
pula;google badwords
pule;google badwords
pusse;google badwords
pussee;google badwords
pussy;google badwords
puta;google badwords
puto;google badwords
puuke;google badwords
puuker;google badwords
qahbeh;google badwords
queef*;google badwords
queer;google badwords
queers;google badwords
queerz;google badwords
qweers;google badwords
qweerz;google badwords
qweir;google badwords
rautenberg;google badwords
recktum;google badwords
rectum;google badwords
retard;google badwords
s.o.b.;google badwords
sadist;google badwords
scank;google badwords
schaffer;google badwords
scheiss*;google badwords
schlampe;google badwords
schlong;google badwords
schmuck;google badwords
screw;google badwords
screwing;google badwords
scrotum;google badwords
semen;google badwords
sex;google badwords
sexy;google badwords
sh!+;google badwords
sh!t;google badwords
sh!t*;google badwords
sh1t;google badwords
sh1ter;google badwords
sh1ts;google badwords
sh1tter;google badwords
sh1tz;google badwords
sharmuta;google badwords
sharmute;google badwords
shemale;google badwords
shi+;google badwords
shipal;google badwords
shit;google badwords
shits;google badwords
shitter;google badwords
shitty;google badwords
shity;google badwords
shitz;google badwords
shiz;google badwords
shyt;google badwords
shyte;google badwords
shytty;google badwords
shyty;google badwords
skanck;google badwords
skank;google badwords
skankee;google badwords
skankey;google badwords
skanks;google badwords
skanky;google badwords
skribz;google badwords
skurwysyn;google badwords
slut;google badwords
sluts;google badwords
slutty;google badwords
slutz;google badwords
smut;google badwords
son-of-a-bitch;google badwords
sphencter;google badwords
spic;google badwords
spierdalaj;google badwords
splooge;google badwords
suka;google badwords
teets;google badwords
teez;google badwords
testical;google badwords
testicle;google badwords
testicle*;google badwords
tit;google badwords
tits;google badwords
titt;google badwords
titt*;google badwords
turd;google badwords
twat;google badwords
va1jina;google badwords
vag1na;google badwords
vagiina;google badwords
vagina;google badwords
vaj1na;google badwords
vajina;google badwords
vittu;google badwords
vullva;google badwords
vulva;google badwords
w00se;google badwords
w0p;google badwords
wank;google badwords
wank*;google badwords
wetback*;google badwords
wh00r;google badwords
wh0re;google badwords
whoar;google badwords
whore;google badwords
wichser;google badwords
wop*;google badwords
xrated;google badwords
xxx;google badwords
yed;google badwords
zabourah;google badwords
aand;hi
aandu;hi
balatkar;hi
balatkari;hi
behenchod;hi
betichod;hi
bhadva;hi
bhadve;hi
bhandve;hi
bhangi;hi
bhootnike;hi
bhosad;hi
bhosadike;hi
boobe;hi
chakke;hi
chinaal;hi
chinki;hi
chod;hi
chodu;hi
chodubhagat;hi
chooche;hi
choochi;hi
choope;hi
choot;hi
chootia;hi
chootiya;hi
chootkebaal;hi
chuche;hi
chuchi;hi
chudaap;hi
chudaikhanaa;hi
chudamchudai;hi
chude;hi
chut;hi
chutad;hi
chutadd;hi
chutan;hi
chutia;hi
chutiya;hi
chutkachuha;hi
chutkachuran;hi
chutkamail;hi
chutkebaal;hi
chutkedhakkan;hi
chutmaarli;hi
gaand;hi
gaandfat;hi
gaandmasti;hi
gaandufad;hi
gandfattu;hi
gandu;hi
gashti;hi
gasti;hi
ghassa;hi
ghasti;hi
gucchi;hi
gucchu;hi
harami;hi
haramzade;hi
hawas;hi
hawaskepujari;hi
hijda;hi
hijra;hi
jhant;hi
jhantchaatu;hi
jhantkakeeda;hi
jhantkebaal;hi
jhantkepissu;hi
jhantu;hi
kamine;hi
kaminey;hi
kanjar;hi
kutta;hi
kuttakamina;hi
kuttekiaulad;hi
kuttekijat;hi
kuttiya;hi
loda;hi
lodu;hi
lund;hi
lundchoos;hi
lundkabakkal;hi
lundkhajoor;hi
lundtopi;hi
lundure;hi
maakichut;hi
maal;hi
madarchod;hi
madhavchod;hi
moohmeinle;hi
mutth;hi
mutthal;hi
najayaz;hi
najayazaulaad;hi
najayazpaidaish;hi
paki;hi
pataka;hi
patakha;hi
raand;hi
randaap;hi
randi;hi
randirona;hi
saala;hi
saalakutta;hi
saalikutti;hi
saalirandi;hi
suar;hi
suarkelund;hi
suarkiaulad;hi
tatte;hi
tatti;hi
terimaakabhosada;hi
terimaakabobachusu;hi
terimaakibehenchod;hi
terimaakichut;hi
tharak;hi
tharki;hi
tuchuda;hi
balfasz;hu
balfaszok;hu
balfaszokat;hu
balfaszt;hu
barmok;hu
barmokat;hu
barmot;hu
barom;hu
baszik;hu
bazmeg;hu
buksza;hu
bukszÃ¡k;hu
bukszÃ¡kat;hu
bukszÃ¡t;hu
bÃºr;hu
bÃºrok;hu
csÃ¶cs;hu
csÃ¶csÃ¶k;hu
csÃ¶csÃ¶ket;hu
csÃ¶csÃ¶t;hu
fasz;hu
faszfej;hu
faszfejek;hu
faszfejeket;hu
faszfejet;hu
faszok;hu
faszokat;hu
faszt;hu
fing;hu
fingok;hu
fingokat;hu
fingot;hu
franc;hu
francok;hu
francokat;hu
francot;hu
geci;hu
gecibb;hu
gecik;hu
geciket;hu
gecit;hu
kibaszott;hu
kibaszottabb;hu
kurafi;hu
kurafik;hu
kurafikat;hu
kurafit;hu
kurva;hu
kurvÃ¡k;hu
kurvÃ¡kat;hu
kurvÃ¡t;hu
kÃºr;hu
leggecibb;hu
legkibaszottabb;hu
legszarabb;hu
marha;hu
marhÃ¡k;hu
marhÃ¡kat;hu
marhÃ¡t;hu
megdÃ¶glik;hu
pele;hu
pelÃ©k;hu
picsa;hu
picsÃ¡kat;hu
picsÃ¡t;hu
pina;hu
pinÃ¡k;hu
pinÃ¡kat;hu
pinÃ¡t;hu
pofa;hu
pofÃ¡kat;hu
pofÃ¡t;hu
punci;hu
puncik;hu
pÃ¶cs;hu
pÃ¶csÃ¶k;hu
pÃ¶csÃ¶ket;hu
pÃ¶csÃ¶t;hu
segg;hu
seggek;hu
seggeket;hu
segget;hu
seggfej;hu
seggfejek;hu
seggfejeket;hu
seggfejet;hu
szajha;hu
szajhÃ¡k;hu
szajhÃ¡kat;hu
szajhÃ¡t;hu
szar;hu
szarabb;hu
szarik;hu
szarok;hu
szarokat;hu
szart;hu
allupato;it
ammucchiata;it
anale;it
arrapato;it
arrusa;it
arruso;it
assatanato;it
bagascia;it
bagassa;it
bagnarsi;it
baldracca;it
balle;it
battere;it
battona;it
belino;it
biga;it
bocchinara;it
bocchino;it
bofilo;it
boiata;it
bordello;it
brinca;it
bucaiolo;it
budiÃ¹lo;it
busone;it
cacca;it
caciocappella;it
cadavere;it
cagare;it
cagata;it
cagna;it
casci;it
cazzata;it
cazzimma;it
cazzo;it
cazzone;it
cesso;it
checca;it
chiappa;it
chiavare;it
chiavata;it
ciospo;it
ciucciamiilcazzo;it
coglione;it
coglioni;it
cornuto;it
cozza;it
culattina;it
culattone;it
culo;it
ditalino;it
fava;it
femminuccia;it
fica;it
figa;it
figliodibuonadonna;it
figliodiputtana;it
figone;it
finocchio;it
fottere;it
fottersi;it
fracicone;it
fregna;it
frocio;it
froscio;it
goldone;it
guardone;it
imbecille;it
incazzarsi;it
incoglionirsi;it
ingoio;it
leccaculo;it
lecchino;it
lofare;it
loffa;it
loffare;it
mannaggia;it
merda;it
merdata;it
merdoso;it
mignotta;it
minchia;it
minchione;it
mona;it
monta;it
montare;it
mussa;it
navescuola;it
nerchia;it
padulo;it
palle;it
palloso;it
patacca;it
patonza;it
pecorina;it
pesce;it
picio;it
pincare;it
pinnolone;it
pippa;it
pippone;it
pipÃ¬;it
pirla;it
pisciare;it
piscio;it
pisello;it
pistolotto;it
pomiciare;it
pompa;it
pompino;it
porca;it
porcamadonna;it
porcamiseria;it
porcaputtana;it
porco;it
porcodue;it
porcozio;it
potta;it
puppami;it
puttana;it
quaglia;it
recchione;it
regina;it
rincoglionire;it
rizzarsi;it
rompiballe;it
rompipalle;it
ruffiano;it
sbattere;it
sbattersi;it
sborra;it
sborrata;it
sborrone;it
sbrodolata;it
scopare;it
scopata;it
scorreggiare;it
sega;it
slinguare;it
slinguata;it
smandrappata;it
soccia;it
socmel;it
sorca;it
spagnola;it
spompinare;it
sticchio;it
stronza;it
stronzata;it
stronzo;it
succhiami;it
succhione;it
sveltina;it
sverginare;it
tarzanello;it
terrone;it
testadicazzo;it
tette;it
tirare;it
topa;it
troia;it
trombare;it
vacca;it
vaffanculo;it
vangare;it
zinne;it
ziocantante;it
zoccola;it
abbuc;kab
ajeá¸¥niá¸;kab
aqerqur;kab
asxuáº“eá¸;kab
awellaq;kab
axuzziá¸;kab
aÎµeá¹­á¹­uá¸;kab
aá¸¥eÄÄun;kab
iwellaqen;kab
iá¸¥eÄÄan;kab
iá¸¥eÄÄunen;kab
qqan;kab
qqant;kab
qqiÉ£;kab
qqu;kab
qquÉ£;kab
taxna;kab
taá¸¥eÄÄunt;kab
tteqqun;kab
tteqqunt;kab
uqan;kab
aardappelsafgieten;nl
achterhetraamzitten;nl
afberen;nl
aflebberen;nl
afrossen;nl
afrukken;nl
aftrekken;nl
afwerkplaats;nl
afzeiken;nl
afzuigen;nl
anita;nl
asbak;nl
aso;nl
baggerschijten;nl
balen;nl
bedonderen;nl
befborstel;nl
beffen;nl
bekken;nl
belazeren;nl
besodemieterdzijn;nl
besodemieteren;nl
beurt;nl
boemelen;nl
boerelul;nl
boerenpummel;nl
bokkelul;nl
botergeil;nl
broekhoesten;nl
brugpieper;nl
buffelen;nl
buitendepotpiesen;nl
da'sklotenvandebok;nl
deballen;nl
dehoerspelen;nl
dehonduitlaten;nl
dekofferinduiken;nl
del;nl
depijpuitgaan;nl
dombo;nl
draaikont;nl
driehoogachterwonen;nl
drol;nl
drooggeiler;nl
droogkloot;nl
eenbeurtgeven;nl
eenhalvemaneneenpaardekop;nl
eennummertjemaken;nl
eenwipmaken;nl
eikel;nl
engerd;nl
flamoes;nl
flikken;nl
flikker;nl
gadverdamme;nl
galbak;nl
gat;nl
gedoogzone;nl
geilneef;nl
gesodemieter;nl
godverdomme;nl
graftak;nl
grasmaaien;nl
gratenkut;nl
greppeldel;nl
griet;nl
hoempert;nl
hoer;nl
hoerenbuurt;nl
hoerenloper;nl
hoerig;nl
hol;nl
hufter;nl
huisdealer;nl
johny;nl
kanen;nl
kettingzeug;nl
klaarkomen;nl
klerebeer;nl
klojo;nl
klooien;nl
klootjesvolk;nl
klootoog;nl
klootzak;nl
kloten;nl
knor;nl
kont;nl
kontneuken;nl
krentekakker;nl
kut;nl
kuttelikkertje;nl
kwakkie;nl
liefdesgrot;nl
lul;nl
lul-de-behanger;nl
lulhannes;nl
lummel;nl
mafketel;nl
matennaaier;nl
matje;nl
mof;nl
muts;nl
naaien;nl
naakt;nl
neuken;nl
neukstier;nl
nicht;nl
oetlul;nl
opgeilen;nl
opkankeren;nl
oprotten;nl
opsodemieteren;nl
opz'nhondjes;nl
opz'nsodemietergeven;nl
opzouten;nl
ouwehoer;nl
ouwehoeren;nl
ouwerukker;nl
paal;nl
paardelul;nl
palen;nl
penoze;nl
piesen;nl
pijpbekkieg;nl
pijpen;nl
pik;nl
pleurislaaier;nl
poep;nl
poepen;nl
poot;nl
portiekslet;nl
pot;nl
potverdorie;nl
publiciteitsgeil;nl
raaskallen;nl
reet;nl
reetridder;nl
reettrappen,voorzijn;nl
remsporen;nl
reutelen;nl
rothoer;nl
rotzak;nl
rukhond;nl
rukken;nl
schatje;nl
schijt;nl
schijten;nl
schoft;nl
schuinsmarcheerder;nl
shit;nl
slempen;nl
slet;nl
sletterig;nl
slikmijnzaad;nl
snol;nl
spuiten;nl
standje;nl
standje-69;nl
stoephoer;nl
stootje;nl
stront;nl
sufferd;nl
tapijtnek;nl
teef;nl
temeier;nl
teringlijer;nl
toeter;nl
tongzoeng;nl
triootjeg;nl
trottoirprostituÃ©e;nl
trottoirteef;nl
vergallen;nl
verkloten;nl
verneuken;nl
viespeuk;nl
vingeren;nl
vleesroos;nl
voorjan-met-de-korte-achternaam;nl
voorjanlul;nl
watje;nl
welzijnsmafia;nl
wijf;nl
wippen;nl
wuftje;nl
zaadje;nl
zakkenwasser;nl
zeiken;nl
zeiker;nl
zuigen;nl
zuiplap;nl
asshole;no
dritt;no
drittsekk;no
faen;no
faenihelvete;no
fan;no
fanken;no
fitte;no
forbanna;no
forbannet;no
forjÃ¦vlig;no
fuck;no
fyfaen;no
fÃ¸kk;no
fÃ¸kka;no
fÃ¸kkings;no
helvete;no
helvetet;no
jÃ¦vla;no
jÃ¦vlig;no
kuk;no
kukene;no
kuker;no
morraknuller;no
morrapuler;no
nigger;no
pakkis;no
pikk;no
pokker;no
rÃ¦va;no
rÃ¦ven;no
satan;no
shit;no
sinnsykt;no
skitt;no
sotrÃ¸r;no
stÃ¥pikk;no
stÃ¥pikkene;no
stÃ¥pikker;no
svartheiteste;no
burdel;pl
burdelmama;pl
chuj;pl
chujnia;pl
ciota;pl
cipa;pl
cyc;pl
debil;pl
dmuchaÄ‡;pl
dokurwynÄ™dzy;pl
dupa;pl
dupek;pl
duperele;pl
dziwka;pl
fiut;pl
gÃ³wno;pl
gÃ³wnoprawda;pl
huj;pl
hujciwdupÄ™;pl
jajco;pl
jajko;pl
japierdolÄ™;pl
jebany;pl
jebaÄ‡;pl
kurwa;pl
kurwy;pl
kutafon;pl
kutas;pl
lizaÄ‡paÅ‚Ä™;pl
obciÄ…gaÄ‡chuja;pl
obciÄ…gaÄ‡fiuta;pl
obciÄ…gaÄ‡loda;pl
pieprzyÄ‡;pl
pierdolec;pl
pierdoliÄ‡;pl
pierdolniÄ™ty;pl
pierdolnÄ…Ä‡;pl
pierdoÅ‚a;pl
pierdzieÄ‡;pl
pizda;pl
pojeb;pl
pojebany;pl
popierdolony;pl
robicloda;pl
robiÄ‡loda;pl
ruchaÄ‡;pl
rzygaÄ‡;pl
skurwysyn;pl
sraczka;pl
sraÄ‡;pl
suka;pl
syf;pl
wkurwiaÄ‡;pl
zajebisty;pl
aborto;pt
amador;pt
aranha;pt
ariano;pt
balalao;pt
bastardo;pt
bicha;pt
biscate;pt
bissexual;pt
boceta;pt
boob;pt
bosta;pt
brauliodeborracha;pt
bumbum;pt
burro;pt
cabrao;pt
cacete;pt
cagar;pt
camisinha;pt
caralho;pt
cerveja;pt
chochota;pt
chupar;pt
clitoris;pt
cocaÃ­na;pt
coito;pt
colhoes;pt
comer;pt
cona;pt
consolo;pt
corno;pt
cu;pt
darorabo;pt
dumraio;pt
esporra;pt
fecal;pt
filhodaputa;pt
foda;pt
foda-se;pt
foder;pt
frangoassado;pt
gozar;pt
grelho;pt
heroÃ­na;pt
heterosexual;pt
homemgay;pt
homoerÃ³tico;pt
homosexual;pt
inferno;pt
lolita;pt
lÃ©sbica;pt
mama;pt
merda;pt
paneleiro;pt
passarumcheque;pt
pau;pt
peidar;pt
pinto;pt
porra;pt
puta;pt
putaquepariu;pt
putaquetepariu;pt
pÃªnis;pt
queca;pt
sacanagem;pt
saco;pt
torneira;pt
transar;pt
vadia;pt
vai-tefoder;pt
vaitomarnocu;pt
veado;pt
vibrador;pt
xana;pt
xochota;pt
Ã¢nus;pt
bychara;ru
byk;ru
chernozhopyi;ru
dolboy'eb;ru
ebalnik;ru
ebalo;ru
ebalomsch'elkat;ru
gol;ru
mudack;ru
opizdenet;ru
osto'eblo;ru
ostokhuitel'no;ru
ot'ebis;ru
otmudohat;ru
otpizdit;ru
otsosi;ru
padlo;ru
pedik;ru
perdet;ru
petuh;ru
pidargnoinyj;ru
piz'det;ru
piz`dyulina;ru
pizd'uk;ru
pizda;ru
pizdato;ru
pizdatyi;ru
pizdetc;ru
pizdoinakryt'sja;ru
po'imat'nakonchik;ru
po'itiposrat;ru
podiku'evo;ru
poeben;ru
pokhuy;ru
poluchitpizdy;ru
pososimoyukonfetku;ru
prissat;ru
proebat;ru
promudobl'adsksyapizdopro'ebina;ru
propezdoloch;ru
prosrat;ru
raspeezdeyi;ru
raspizdatyi;ru
raz'yebuy;ru
raz'yoba;ru
s'ebat'sya;ru
shalava;ru
styervo;ru
sukinsyn;ru
svoditposrat;ru
svoloch;ru
trakhat'sya;ru
trimandoblydskiypizdoproyob;ru
u'ebitsche;ru
ubl'yudok;ru
uboy;ru
vafl'a;ru
vaflilovit;ru
vpizdu;ru
vyperdysh;ru
vzdrochennyi;ru
yebvas;ru
za'ebat;ru
zaebis;ru
zalupa;ru
zalupat;ru
zasranetc;ru
zassat;ru
zlo'ebuchy;ru
Ğ±Ğ·Ğ´Ñ‘Ğ½Ğ¾Ğº;ru
Ğ±Ğ»ÑĞ´ĞºĞ¸;ru
Ğ±Ğ»ÑĞ´Ğ¾Ğ²Ğ°Ñ‚ÑŒ;ru
Ğ±Ğ»ÑĞ´ÑÑ‚Ğ²Ğ¾;ru
Ğ±Ğ»ÑĞ´ÑŒ;ru
Ğ±ÑƒĞ³Ğ¾Ñ€;ru
Ğ²Ğ¾Ğ¿Ğ¸Ğ·Ğ´Ñƒ;ru
Ğ²ÑÑ‚Ğ°Ñ‚ÑŒÑ€Ğ°ĞºĞ¾Ğ¼;ru
Ğ²Ñ‹Ñ‘Ğ±Ñ‹Ğ²Ğ°Ñ‚ÑŒÑÑ;ru
Ğ³Ğ°Ğ½Ğ´Ğ¾Ğ½;ru
Ğ³Ğ¾Ğ²Ğ½Ğ¾;ru
Ğ³Ğ¾Ğ²Ğ½ÑĞº;ru
Ğ³Ğ¾Ğ»Ñ‹Ğ¹;ru
Ğ´Ğ°Ñ‚ÑŒĞ¿Ğ¸Ğ·Ğ´Ñ‹;ru
Ğ´ĞµÑ€ÑŒĞ¼Ğ¾;ru
Ğ´Ñ€Ğ¾Ñ‡Ğ¸Ñ‚ÑŒ;ru
Ğ´Ñ€ÑƒĞ³Ğ¾Ğ¹Ğ´Ñ€Ğ°Ğ·Ğ½Ğ¸Ñ‚ÑÑ;ru
ĞµĞ±Ğ°Ñ‚ÑŒ;ru
ĞµĞ±Ğ°Ñ‚ÑŒ-ĞºĞ¾Ğ¿Ğ°Ñ‚ÑŒ;ru
ĞµĞ±Ğ»Ğ¾;ru
ĞµĞ±Ğ½ÑƒÑ‚ÑŒ;ru
Ğ¶Ğ¾Ğ¿Ğ°;ru
Ğ¶Ğ¾Ğ¿Ğ¾Ğ»Ğ¸Ğ·;ru
Ğ¸Ğ³Ñ€Ğ°Ñ‚ÑŒĞ½Ğ°ĞºĞ¾Ğ¶Ğ°Ğ½Ğ¾Ğ¹Ñ„Ğ»ĞµĞ¹Ñ‚Ğµ;ru
Ğ¸Ğ·Ğ¼ÑƒĞ´Ğ¾Ñ…Ğ°Ñ‚ÑŒ;ru
ĞºĞ°Ğ¶Ğ´Ñ‹Ğ¹Ğ´Ñ€Ğ¾Ñ‡Ğ¸Ñ‚ĞºĞ°ĞºĞ¾Ğ½Ñ…Ğ¾Ñ‡ĞµÑ‚;ru
ĞºĞ°ĞºĞ°ÑÑ€Ğ°Ğ·Ğ½Ğ¸Ñ†Ğ°;ru
ĞºĞ°ĞºĞ´Ğ²Ğ°Ğ¿Ğ°Ğ»ÑŒÑ†Ğ°Ğ¾Ğ±Ğ¾ÑÑĞ°Ñ‚ÑŒ;ru
ĞºÑƒÑ€Ğ¸Ñ‚ĞµĞ¼Ğ¾ÑÑ‚Ñ€ÑƒĞ±ĞºÑƒ;ru
Ğ»Ñ‹ÑĞ¾Ğ³Ğ¾Ğ²ĞºÑƒĞ»Ğ°ĞºĞµĞ³Ğ¾Ğ½ÑÑ‚ÑŒ;ru
Ğ¼Ğ°Ğ»Ğ¾Ñ„ÑŒÑ;ru
Ğ¼Ğ°Ğ½Ğ´Ğ°;ru
Ğ¼Ğ°Ğ½Ğ´Ğ°Ğ²Ğ¾ÑˆĞºĞ°;ru
Ğ¼ĞµĞ½Ñ‚;ru
Ğ¼ÑƒĞ´Ğ°;ru
Ğ¼ÑƒĞ´Ğ¸Ğ»Ğ¾;ru
Ğ¼ÑƒĞ´Ğ¾Ğ·Ğ²Ğ¾Ğ½;ru
Ğ½Ğ°ĞµĞ±Ğ°Ñ‚ÑŒ;ru
Ğ½Ğ°ĞµĞ±ĞµĞ½Ğ¸Ñ‚ÑŒÑÑ;ru
Ğ½Ğ°ĞµĞ±Ğ½ÑƒÑ‚ÑŒÑÑ;ru
Ğ½Ğ°Ñ„Ğ¸Ğ³;ru
Ğ½Ğ°Ñ…ÑƒĞ¹;ru
Ğ½Ğ°Ñ…ÑƒÑĞ²ĞµÑ€Ñ‚ĞµÑ‚ÑŒ;ru
Ğ½Ğ°Ñ…ÑƒÑ;ru
Ğ½Ğ°Ñ…ÑƒÑÑ‡Ğ¸Ñ‚ÑŒÑÑ;ru
Ğ½ĞµĞ²ĞµĞ±ĞµĞ½Ğ½Ñ‹Ğ¹;ru
Ğ½ĞµĞµĞ±ĞµÑ‚;ru
Ğ½Ğ¸Ğ·Ğ°Ñ…ÑƒĞ¹ÑĞ¾Ğ±Ğ°Ñ‡Ñƒ;ru
Ğ½Ğ¸Ñ…ÑƒÑ;ru
Ğ¾Ğ±Ğ½Ğ°Ğ¶ĞµĞ½Ğ½Ñ‹Ğ¹;ru
Ğ¾Ğ±Ğ¾ÑÑĞ°Ñ‚ÑŒÑÑĞ¼Ğ¾Ğ¶Ğ½Ğ¾;ru
Ğ¾Ğ´Ğ¸Ğ½ĞµĞ±Ñ‘Ñ‚ÑÑ;ru
Ğ¾Ğ¿ĞµÑĞ´Ğ¾Ğ»;ru
Ğ¾Ñ„Ğ¸Ğ³ĞµÑ‚ÑŒ;ru
Ğ¾Ñ…ÑƒĞµÑ‚ÑŒ;ru
Ğ¾Ñ…ÑƒĞ¸Ñ‚ĞµĞ»ÑŒĞ½Ğ¾;ru
Ğ¿Ğ¾Ğ»Ğ¾Ğ²Ğ¾ĞµÑĞ½Ğ¾ÑˆĞµĞ½Ğ¸Ğµ;ru
ÑĞµĞºÑ;ru
ÑĞ¸ÑÑŒĞºĞ¸;ru
ÑĞ¿Ğ¸Ğ·Ğ´Ğ¸Ñ‚ÑŒ;ru
ÑÑ€Ğ°Ñ‚ÑŒ;ru
ÑÑĞ°Ñ‚ÑŒ;ru
Ñ‚Ñ€Ğ°xĞ°Ñ‚ÑŒ;ru
Ñ‚Ñ‹Ğ¼Ğ½ĞµĞ²Ğ°Ğ½ÑŒĞºÑƒĞ½ĞµĞ²Ğ°Ğ»ÑĞ¹;ru
Ñ„Ğ¸Ğ³Ğ°;ru
Ñ…Ğ°Ğ¿Ğ°Ñ‚ÑŒ;ru
Ñ…ĞµÑ€ÑĞ½ĞµĞ¹;ru
Ñ…ĞµÑ€ÑĞ½Ğ¸Ğ¼;ru
Ñ…Ğ¾Ñ…Ğ¾Ğ»;ru
Ñ…Ñ€ĞµĞ½;ru
Ñ…ÑƒĞµĞ¼Ğ³Ñ€ÑƒÑˆĞ¸Ğ¾ĞºĞ¾Ğ»Ğ°Ñ‡Ğ¸Ğ²Ğ°Ñ‚ÑŒ;ru
Ñ…ÑƒĞµĞ¿Ğ»ĞµÑ‚;ru
Ñ…ÑƒĞ¸Ğ»Ğ¾;ru
Ñ…ÑƒĞ¸Ğ½ĞµĞ¹ÑÑ‚Ñ€Ğ°Ğ´Ğ°Ñ‚ÑŒ;ru
Ñ…ÑƒĞ¸Ğ½Ñ;ru
Ñ…ÑƒĞ¹;ru
Ñ…ÑƒĞ¹Ğ½ÑƒÑ‚ÑŒ;ru
Ñ…ÑƒĞ¹Ğ¿Ğ¸Ğ½Ğ°Ñ‚ÑŒ;ru
Ñ…ÑƒÑ‘Ğ²Ğ¾;ru
Ñ…ÑƒÑ‘Ğ²Ñ‹Ğ¹;ru
Ñ‘Ğ±Ğ°Ñ€ÑŒ;ru
Ñ‘Ğ±Ñ‚Ğ²Ğ¾ÑĞ¼Ğ°Ñ‚ÑŒ;ru
arsle;sv
brutta;sv
discofitta;sv
draÃ¥thelvete;sv
fan;sv
fitta;sv
fittig;sv
fÃ¶rhelvete;sv
helvete;sv
hÃ¥rd;sv
jÃ¤vlar;sv
knulla;sv
kuk;sv
kuksÃ¥s;sv
kÃ¶tthuvud;sv
kÃ¶ttnacke;sv
moona;sv
moonade;sv
moonar;sv
moonat;sv
mutta;sv
neger;sv
nigger;sv
olla;sv
pippa;sv
pitt;sv
prutt;sv
pÃ¶k;sv
runka;sv
rÃ¶v;sv
rÃ¶vhÃ¥l;sv
rÃ¶vknulla;sv
satan;sv
skita;sv
skitnerdig;sv
skÃ¤ggbiff;sv
snedfitta;sv
snefitta;sv
stake;sv
subba;sv
sÃ¤ttapÃ¥;sv
sÃ¥s;sv
tusan;sv
ghuy'cha';tlh
qi'yah;tlh
qu'vatlh;tlh
18+;tr
30+1;tr
31;tr
:poop:;tr
a.g.;tr
a.mk;tr
a.q;tr
a.q.;tr
a.Ä±g;tr
abaza;tr
abazan;tr
adi;tr
ag;tr
ag.;tr
ahmak;tr
ak;tr
akp;tr
alaÄŸzÄ±na;tr
allah;tr
allahsÄ±z;tr
am;tr
am.k;tr
amarÄ±m;tr
ambiti;tr
amcik;tr
amck;tr
amckl;tr
amcklama;tr
amcklaryla;tr
amckta;tr
amcktan;tr
amcuk;tr
amcÄ±k;tr
amcÄ±kaÄŸÄ±z;tr
amcÄ±khoÅŸafÄ±;tr
amcÄ±klama;tr
amcÄ±klandÄ±;tr
amcÄ±klar;tr
amcÄ±klara;tr
amcÄ±klarda;tr
amcÄ±klardan;tr
amcÄ±klarÄ±;tr
amcÄ±klarÄ±n;tr
amcÄ±kta;tr
amcÄ±ktan;tr
amcÄ±ÄŸa;tr
amcÄ±ÄŸÄ±;tr
amcÄ±ÄŸÄ±n;tr
amcÄ±ÄŸÄ±nÄ±;tr
amcÄ±ÄŸÄ±nÄ±zÄ±;tr
amed;tr
amg;tr
amina;tr
aminag;tr
aminak;tr
aminako;tr
aminakoyarim;tr
aminakoyayim;tr
aminakoyayÄ±m;tr
aminakoyim;tr
aminda;tr
amindan;tr
amindayken;tr
amini;tr
aminiyarraaniskiim;tr
aminoglu;tr
amiyum;tr
amk;tr
amk.;tr
amkafa;tr
amkÃ§ocuÄŸu;tr
amlar;tr
amlarnzn;tr
amlÄ±;tr
amm;tr
ammak;tr
ammna;tr
ammÄ±na;tr
amn;tr
amna;tr
amnda;tr
amndaki;tr
amngtn;tr
amnn;tr
amona;tr
amq;tr
amsalak;tr
amsiz;tr
amsz;tr
amsÄ±z;tr
amteri;tr
amugaa;tr
amuna;tr
amuÄŸa;tr
amÄ±;tr
amÄ±g;tr
amÄ±k;tr
amÄ±n;tr
amÄ±na;tr
amÄ±nadÃ¼rzÃ¼;tr
amÄ±nag;tr
amÄ±nak;tr
amÄ±nako;tr
amÄ±nakoy;tr
amÄ±nakoyarÄ±m;tr
amÄ±nakoyayÄ±m;tr
amÄ±nakoyim;tr
amÄ±nakoyyim;tr
amÄ±nas;tr
amÄ±nasikem;tr
amÄ±nasokam;tr
amÄ±nda;tr
amÄ±nferyadÄ±;tr
amÄ±noglu;tr
amÄ±noÄŸlu;tr
amÄ±nÄ±;tr
amÄ±nÄ±s;tr
amÄ±sÄ±na;tr
amÄ±sÄ±nÄ±;tr
ana;tr
anaaann;tr
anal;tr
analarn;tr
anam;tr
anamla;tr
anan;tr
anana;tr
anandan;tr
anani;tr
ananin;tr
ananisikerim;tr
ananisikeyim;tr
anann;tr
ananz;tr
ananÄ±;tr
ananÄ±n;tr
ananÄ±nam;tr
ananÄ±namÄ±;tr
ananÄ±ndÃ¶lÃ¼;tr
ananÄ±nki;tr
ananÄ±sikerim;tr
ananÄ±sikeyim;tr
ananÄ±zÄ±;tr
ananÄ±zÄ±n;tr
ananÄ±zÄ±nam;tr
anas;tr
anasi;tr
anasinin;tr
anasÄ±nÄ±;tr
anasÄ±nÄ±avradÄ±nÄ±;tr
anasÄ±nÄ±nam;tr
anasÄ±orospu;tr
anay;tr
anayin;tr
angut;tr
anlÄ±kbeÄŸeni;tr
anneni;tr
annenin;tr
annesiz;tr
anuna;tr
aptal;tr
aq;tr
aq.;tr
ass;tr
atkafasÄ±;tr
atmÄ±k;tr
attrrm;tr
attÄ±rdÄ±ÄŸÄ±m;tr
auzlu;tr
avon;tr
avradÄ±nÄ±;tr
avrat;tr
ayklarmalrmsikerim;tr
azdÄ±m;tr
azdÄ±r;tr
azdÄ±rÄ±cÄ±;tr
aÄŸzÄ±na;tr
aÄŸzÄ±nasÄ±Ã§ayÄ±m;tr
aÅŸaÄŸlÄ±k;tr
aÅŸaÄŸlÄ±ksnÄ±z;tr
aÅŸaÄŸÄ±lÄ±ksÄ±n;tr
aÅŸaÄŸÄ±lÄ±ksÄ±nÄ±z;tr
b.k;tr
babaannesikaÅŸar;tr
babafingo;tr
babani;tr
babanÄ±;tr
babanÄ±n;tr
babasÄ±pezevenk;tr
babasÄ±tornacÄ±anasÄ±orospu;tr
bacaÄŸÄ±nasÄ±Ã§ayÄ±m;tr
bacini;tr
bacn;tr
bacndan;tr
bacy;tr
bacÄ±n;tr
bacÄ±na;tr
bacÄ±nÄ±;tr
bacÄ±nÄ±n;tr
bastard;tr
basur;tr
bayanlar;tr
beyinsiz;tr
beÄŸen;tr
beÄŸenirmisiniz;tr
bira;tr
biseksuel;tr
bisekuel;tr
bisexual;tr
bisikiverem;tr
bitch;tr
biting;tr
bok;tr
boka;tr
bokbok;tr
bokhu;tr
bokkkumu;tr
boklar;tr
boktan;tr
boku;tr
bokubokuna;tr
bokum;tr
bokÃ§a;tr
bombok;tr
boner;tr
bosalmak;tr
boycot;tr
boycott;tr
boykot;tr
boÅŸalmak;tr
boÅŸluk;tr
browni;tr
bÄ±zÄ±r;tr
ccc;tr
cccccc;tr
cccincisikerccc;tr
ccscolgateccc;tr
cenabet;tr
cibiliyetsiz;tr
cibilliyetini;tr
cibilliyetsiz;tr
cif;tr
cikar;tr
cim;tr
cm;tr
cocacola;tr
cola;tr
commaseparatedlistoa.q;tr
dalaksÄ±z;tr
dallama;tr
daltassak;tr
dalyarak;tr
dalyarrak;tr
dangalak;tr
dasak;tr
dassagi;tr
dassak;tr
daÅŸak;tr
daÅŸaÄŸÄ±;tr
daÅŸÅŸak;tr
daÅŸÅŸaksÄ±z;tr
daÅŸÅŸaÄŸÄ±;tr
dede;tr
destek;tr
destekk;tr
desteÄŸinizi;tr
devsol;tr
dhkp;tr
diktim;tr
dildo;tr
din;tr
dinci;tr
dingil;tr
dingilini;tr
dinsiz;tr
dkerim;tr
domal;tr
domalan;tr
domaldÄ±;tr
domaldÄ±n;tr
domalmak;tr
domalmÄ±ÅŸ;tr
domalsÄ±n;tr
domalt;tr
domaltarak;tr
domaltip;tr
domaltmak;tr
domaltÄ±p;tr
domaltÄ±r;tr
domaltÄ±rÄ±m;tr
domalÄ±k;tr
domalÄ±yor;tr
domuzyagÄ±;tr
domuzyaÄŸÄ±;tr
durum;tr
dÃ¶l;tr
dÃ¶lÃ¼;tr
dÃ¶nek;tr
dÃ¼dÃ¼k;tr
dÃ¼rzÃ¼;tr
eben;tr
ebeni;tr
ebenin;tr
ebeninki;tr
ebleh;tr
ecdadini;tr
ecdadÄ±nÄ±;tr
edit;tr
embesil;tr
emekserver;tr
emi;tr
ensest;tr
erotik;tr
escinsel;tr
evhanÄ±mlarÄ±;tr
ezik;tr
eÅŸcinsel;tr
fahise;tr
fahiÅŸe;tr
farmasi;tr
fasist;tr
fasizm;tr
faÅŸist;tr
faÅŸizm;tr
feriÅŸtah;tr
ferre;tr
folloÅŸ;tr
fuck;tr
fucker;tr
fuckin;tr
fucking;tr
fÄ±rsat;tr
g*t;tr
g*tÃ¼;tr
g*tÃ¼n;tr
g*tÃ¼ne;tr
g.t;tr
gasp;tr
gavad;tr
gavat;tr
gavurundÃ¶lÃ¼;tr
gay;tr
geber;tr
geberik;tr
gebermek;tr
gebermiÅŸ;tr
gebersin;tr
gebertir;tr
gerizekali;tr
gerizekalÄ±;tr
gerizekalÄ±dÄ±r;tr
gerzek;tr
gerÄ±zekalÄ±;tr
gerÄ±zekalÄ±dÄ±r;tr
giberim;tr
giberler;tr
gibis;tr
gibiÅŸ;tr
gibmek;tr
gibtiler;tr
girenÃ§Ä±kan;tr
goddamn;tr
godoÅŸ;tr
godumun;tr
got;tr
gotelek;tr
gotlalesi;tr
gotlu;tr
gotten;tr
gotundeki;tr
gotunden;tr
gotune;tr
gotunu;tr
gotuze;tr
gotveren;tr
goyiim;tr
goyum;tr
goyuyim;tr
goyyim;tr
gtelek;tr
gtn;tr
gtnde;tr
gtnden;tr
gtne;tr
gtten;tr
gtveren;tr
guat;tr
gÃ¶t;tr
gÃ¶tdeliÄŸi;tr
gÃ¶te;tr
gÃ¶telek;tr
gÃ¶therif;tr
gÃ¶tlalesi;tr
gÃ¶tlek;tr
gÃ¶tler;tr
gÃ¶tlerde;tr
gÃ¶tlerden;tr
gÃ¶tlere;tr
gÃ¶tleri;tr
gÃ¶tlerin;tr
gÃ¶toÄŸlanÄ±;tr
gÃ¶toÅŸ;tr
gÃ¶tsÃ¼n;tr
gÃ¶tsÃ¼nÃ¼z;tr
gÃ¶tte;tr
gÃ¶tten;tr
gÃ¶tveren;tr
gÃ¶tverende;tr
gÃ¶tverenden;tr
gÃ¶tverene;tr
gÃ¶tvereni;tr
gÃ¶tverenin;tr
gÃ¶tverenler;tr
gÃ¶tverenlerde;tr
gÃ¶tverenlerden;tr
gÃ¶tverenlere;tr
gÃ¶tverenleri;tr
gÃ¶tverenlerin;tr
gÃ¶tverir;tr
gÃ¶tvern;tr
gÃ¶tÃ¼;tr
gÃ¶tÃ¼n;tr
gÃ¶tÃ¼ne;tr
gÃ¶tÃ¼nekoyim;tr
gÃ¶tÃ¼nÃ¼;tr
gÃ¶tÃ¼nÃ¼ze;tr
gÃ¶tÃ¼yle;tr
gÃ¶ÄŸÃ¼s;tr
hack;tr
hanÄ±mlar;tr
hasiktir;tr
hasiktr;tr
hassikome;tr
hassiktir;tr
hassittir;tr
hastir;tr
haydar;tr
haysiyetsiz;tr
hayvan;tr
hayvanherif;tr
haÅŸgerya;tr
hile;tr
hizbullah;tr
homo;tr
hoÅŸafÄ±;tr
hristiyan;tr
hsktr;tr
huur;tr
hz.muhammed;tr
hz.Ã¶mer;tr
hÃ¶dÃ¼k;tr
hÄ±rsÄ±z;tr
hÄ±yar;tr
hÄ±yaraÄŸasÄ±;tr
i.ne;tr
ibina;tr
ibine;tr
ibinenin;tr
ibne;tr
ibnedir;tr
ibneler;tr
ibneleri;tr
ibnelik;tr
ibneliÄŸi;tr
ibnelri;tr
ibneni;tr
ibnenin;tr
ibnerator;tr
ibnesi;tr
idiot;tr
idiyot;tr
igrenc;tr
ilkyorum;tr
imansz;tr
incisike;tr
incisiker;tr
ipne;tr
ipneler;tr
irsail;tr
iserim;tr
israil;tr
israli;tr
israyil;tr
israÄ±l;tr
it;tr
iti;tr
itler;tr
itoÄŸluit;tr
izrail;tr
iÄŸrenÃ§;tr
iÅŸerim;tr
iÅŸfÄ±rsatÄ±;tr
k.o.c;tr
k.o.Ã§;tr
kadek;tr
kafamgirsin;tr
kafasiz;tr
kafasÄ±z;tr
kahbe;tr
kahpe;tr
kahpenin;tr
kahpeninferyadÄ±;tr
kaka;tr
kaltak;tr
kaltaklar;tr
kaltaklara;tr
kaltaklarda;tr
kaltaklardan;tr
kaltaklarÄ±;tr
kaltaklarÄ±n;tr
kaltakta;tr
kaltaktan;tr
kaltaÄŸ;tr
kaltaÄŸa;tr
kaltaÄŸÄ±;tr
kaltaÄŸÄ±n;tr
kancik;tr
kancÄ±k;tr
kancÄ±ÄŸ;tr
kanÄ±;tr
kanÄ±bozuk;tr
kappe;tr
karhane;tr
kariyerfÄ±rsatÄ±;tr
kavat;tr
kavatn;tr
kaypak;tr
kayyum;tr
kazik;tr
kazma;tr
kazÄ±k;tr
kaÃ§Ä±rma;tr
kaÅŸar;tr
kerane;tr
kerhane;tr
kerhanelerde;tr
keriz;tr
kerizler;tr
kevase;tr
kevaÅŸe;tr
kevvase;tr
kocagÃ¶t;tr
kodumun;tr
kodumunun;tr
koduumun;tr
koduÄŸmun;tr
koduÄŸmunun;tr
komonist;tr
komunist;tr
komunizm;tr
komÃ¼nist;tr
komÃ¼nizm;tr
kongragel;tr
kopegi;tr
kopeÄŸi;tr
koyarm;tr
koyayÄ±m;tr
koyiim;tr
koyiiym;tr
koyim;tr
koyum;tr
koyyim;tr
krar;tr
kro;tr
kromusunuz;tr
kuku;tr
kukudaym;tr
kurdistan;tr
kÃ¶peginin;tr
kÃ¶pekleÅŸme;tr
kÃ¼rdistan;tr
kÄ±ro;tr
kÄ±Ã§;tr
kÄ±Ã§Ä±nÄ±z;tr
kÄ±Ã§Ä±nÄ±za;tr
l.an;tr
laciyeboyadÄ±m;tr
lan;tr
lanet;tr
lann;tr
lannn;tr
lavuk;tr
len;tr
leyn;tr
lezle;tr
lezler;tr
liboÅŸ;tr
madafaka;tr
mal;tr
malafat;tr
malak;tr
mallar;tr
manda;tr
mankafa;tr
manyak;tr
masturbasyon;tr
mastÃ¼rbasyon;tr
mastÄ±rbasyon;tr
mcik;tr
meme;tr
memelerini;tr
memiÅŸ;tr
mezveleli;tr
minaamcÄ±k;tr
mincikliyim;tr
mk;tr
mna;tr
moloz;tr
monakkoluyum;tr
moron;tr
motherfucker;tr
mudik;tr
musevi;tr
musevibozuk;tr
mÃ¼slÃ¼man;tr
nah;tr
o.Ã§;tr
o.Ã§.;tr
o.Ã§ocuÄŸu;tr
oc;tr
ocuu;tr
ocuun;tr
odun;tr
okuz;tr
oral;tr
oriflame;tr
orosbu;tr
orosbucocuu;tr
orospu;tr
orospucocugu;tr
orospuda;tr
orospudan;tr
orospudur;tr
orospular;tr
orospulara;tr
orospularda;tr
orospulardan;tr
orospularÄ±;tr
orospularÄ±n;tr
orospunun;tr
orospununevladÄ±;tr
orospuya;tr
orospuydu;tr
orospuyu;tr
orospuyuz;tr
orospuÃ§oc;tr
orospuÃ§ocuklarÄ±;tr
orospuÃ§ocuÄŸu;tr
orospuÃ§ocuÄŸudur;tr
orostoban;tr
orostopol;tr
orrospu;tr
orsp;tr
oruc;tr
orusbu;tr
oruspu;tr
oruspuÃ§ocuÄŸu;tr
oruÃ§;tr
osbir;tr
ossurduum;tr
ossurmak;tr
ossuruk;tr
osur;tr
osuram;tr
osurduu;tr
osuruk;tr
osururum;tr
otusbir;tr
otuzbir;tr
otuzbirci;tr
otuzbircide;tr
otuzbirciden;tr
otuzbirciler;tr
otuzbircilerde;tr
otuzbircilerden;tr
otuzbircilere;tr
otuzbircileri;tr
otuzbircilerin;tr
otuzbircinin;tr
otuzbirciye;tr
otuzbirciyi;tr
oyna;tr
oÃ§;tr
oÃ§.;tr
oÄŸlan;tr
oÄŸlancÄ±;tr
oÄŸluit;tr
patlakzar;tr
penis;tr
peygamber;tr
pezevek;tr
pezeven;tr
pezeveng;tr
pezevengi;tr
pezevenginevladÄ±;tr
pezevenk;tr
pezevenkler;tr
pezo;tr
pic;tr
pici;tr
picler;tr
pipi;tr
pipiÅŸ;tr
pis;tr
pisliktir;tr
piÃ§;tr
piÃ§i;tr
piÃ§inin;tr
piÃ§inoÄŸlu;tr
piÃ§kurusu;tr
piÃ§ler;tr
piÃ§sin;tr
piÃ§siniz;tr
pkk;tr
pok;tr
pokunu;tr
pompalama;tr
pompalamak;tr
porn;tr
porno;tr
protesto;tr
pussy;tr
putpererst;tr
putperest;tr
puÅŸt;tr
puÅŸttur;tr
pvp;tr
pzvnk;tr
qavat;tr
rahminde;tr
rak;tr
rakÄ±;tr
revizyonist;tr
s.ikerim;tr
s.iktm;tr
s.ktir;tr
s.tir;tr
s1kerim;tr
s1kerm;tr
s1krm;tr
sahtekar;tr
sakso;tr
saksocu;tr
saksocuda;tr
saksocudan;tr
saksocular;tr
saksoculara;tr
saksocularda;tr
saksoculardan;tr
saksocularÄ±;tr
saksocularÄ±n;tr
saksocunun;tr
saksocuya;tr
saksocuyu;tr
saksofon;tr
salaak;tr
salak;tr
sanane;tr
saxo;tr
sayfa;tr
sekis;tr
seks;tr
serefsiz;tr
serefsz;tr
serefszler;tr
sevgikoyarÄ±m;tr
seviÅŸ;tr
seviÅŸelim;tr
seviÅŸmek;tr
sex;tr
sexs;tr
shit;tr
si.Ã§mak;tr
sicarsin;tr
sicmak;tr
sicti;tr
sie;tr
sigara;tr
sik;tr
sikdi;tr
sikdiÄŸim;tr
sike;tr
sikecem;tr
sikem;tr
siken;tr
sikenin;tr
siker;tr
sikerim;tr
sikerler;tr
sikersikmez;tr
sikersin;tr
sikert;tr
sikertir;tr
sikertirler;tr
sikertmek;tr
sikesen;tr
sikesicenin;tr
sikey;tr
sikeydim;tr
sikeyim;tr
sikeym;tr
siki;tr
sikicem;tr
sikici;tr
sikien;tr
sikienler;tr
sikiiim;tr
sikiiimmm;tr
sikiim;tr
sikiir;tr
sikiirken;tr
sikik;tr
sikil;tr
sikildiini;tr
sikilesice;tr
sikilirsikilmez;tr
sikilmi;tr
sikilmie;tr
sikilmis;tr
sikilmiÅŸ;tr
sikilsin;tr
sikim;tr
sikimde;tr
sikimden;tr
sikime;tr
sikimi;tr
sikimiin;tr
sikimin;tr
sikimle;tr
sikimsonik;tr
sikimtrak;tr
sikin;tr
sikinde;tr
sikinden;tr
sikine;tr
sikini;tr
sikip;tr
sikis;tr
sikisek;tr
sikisen;tr
sikish;tr
sikismis;tr
sikitiin;tr
sikiyim;tr
sikiym;tr
sikiyorum;tr
sikiÅŸ;tr
sikiÅŸen;tr
sikiÅŸken;tr
sikiÅŸme;tr
sikiÅŸmek;tr
sikkim;tr
sikko;tr
sikkÄ±rÄ±ÄŸÄ±;tr
sikle;tr
sikler;tr
siklerde;tr
siklerden;tr
siklere;tr
sikleri;tr
sikleriii;tr
siklerin;tr
sikli;tr
sikm;tr
sikme;tr
sikmek;tr
sikmem;tr
sikmemek;tr
sikmeyi;tr
sikmiler;tr
sikmisligim;tr
siksem;tr
sikseydin;tr
sikseyidin;tr
siksin;tr
siksinbaya;tr
siksinler;tr
siksiz;tr
siksok;tr
siksz;tr
sikt;tr
sikte;tr
sikten;tr
sikti;tr
siktigimin;tr
siktigiminin;tr
siktii;tr
siktiim;tr
siktiimin;tr
siktiiminin;tr
siktiler;tr
siktim;tr
siktimin;tr
siktiminin;tr
siktin;tr
siktir;tr
siktiret;tr
siktirgit;tr
siktirir;tr
siktiririm;tr
siktirirsiktirmez;tr
siktiriyor;tr
siktirlan;tr
siktirolgit;tr
siktirsin;tr
siktiÄŸi;tr
siktiÄŸim;tr
siktiÄŸimin;tr
siktiÄŸiminin;tr
siktr;tr
siqem;tr
sisme;tr
sittimin;tr
sittir;tr
skcem;tr
skecem;tr
skem;tr
sker;tr
skerim;tr
skerm;tr
skeyim;tr
skiim;tr
skik;tr
skim;tr
skime;tr
skiym;tr
skm;tr
skmek;tr
skrm;tr
sksin;tr
sksn;tr
sksz;tr
sktiimin;tr
sktim;tr
sktir;tr
sktirsin;tr
sktr;tr
sktroradan;tr
sktrr;tr
sktrsn;tr
skyim;tr
slaleni;tr
snane;tr
sokacak;tr
sokam;tr
sokarim;tr
sokarm;tr
sokarmkoduumun;tr
sokarÄ±m;tr
sokaym;tr
sokayÄ±m;tr
sokiim;tr
soktuÄŸumunun;tr
sokuk;tr
sokum;tr
sokuyum;tr
sokuÅŸ;tr
soxum;tr
sperm;tr
sulaleni;tr
sÃ§kik;tr
sÃ¼laleni;tr
sÃ¼lalenizi;tr
sÃ¼rtÃ¼k;tr
sÃ¼tÃ¼bozuk;tr
sÃ¼zme;tr
sÄ±ecem;tr
sÄ±kerÄ±m;tr
sÄ±km;tr
sÄ±ktÄ±r;tr
sÄ±Ã§ar;tr
sÄ±Ã§arÄ±m;tr
sÄ±Ã§ayÄ±m;tr
sÄ±Ã§mak;tr
sÄ±Ã§sÄ±n;tr
sÄ±Ã§tÄ±ÄŸÄ±m;tr
taaklarn;tr
taaklarna;tr
takip;tr
takipet;tr
takma;tr
tarrakimin;tr
tasak;tr
tassak;tr
tayyip;tr
taÅŸak;tr
taÅŸaklar;tr
taÅŸaklara;tr
taÅŸaklarda;tr
taÅŸaklardan;tr
taÅŸaklarÄ±;tr
taÅŸaklarÄ±n;tr
taÅŸakta;tr
taÅŸaktan;tr
taÅŸaÄŸa;tr
taÅŸaÄŸÄ±;tr
taÅŸaÄŸÄ±n;tr
taÅŸÅŸak;tr
taÅŸÅŸaÄŸa;tr
taÅŸÅŸaÄŸÄ±;tr
temasÄ±yla;tr
teror;tr
terorist;tr
terÃ¶r;tr
terÃ¶rist;tr
thumb?;tr
tipinis.k;tr
tipinizis.keyim;tr
tiyniyat;tr
tokmaklama;tr
tokmaklamak;tr
top;tr
toplarm;tr
topsun;tr
totoÅŸ;tr
transeksuel;tr
transeksÃ¼el;tr
travesti;tr
ukler;tr
ulan;tr
ulen;tr
ulker;tr
vagina;tr
vajina;tr
vajinanÄ±;tr
vaÅŸina;tr
veled;tr
veledizina;tr
verdiimin;tr
verem;tr
vodka;tr
votka;tr
weled;tr
weledizina;tr
whore;tr
wslik;tr
wslikserver;tr
xikeyim;tr
yaaraaa;tr
yahudi;tr
yalaka;tr
yalama;tr
yalarun;tr
yalarÄ±m;tr
yaraaam;tr
yarak;tr
yaraklar;tr
yaraklara;tr
yaraklarda;tr
yaraklardan;tr
yaraklarÄ±;tr
yaraklarÄ±n;tr
yaraksÄ±z;tr
yarakta;tr
yaraktan;tr
yaraktr;tr
yaram;tr
yaraminbasi;tr
yaramn;tr
yararmorospunun;tr
yaraÄŸ;tr
yaraÄŸa;tr
yaraÄŸÄ±;tr
yaraÄŸÄ±n;tr
yark;tr
yarra;tr
yarraaaa;tr
yarraak;tr
yarraam;tr
yarraamÄ±;tr
yarragi;tr
yarragimi;tr
yarragina;tr
yarragindan;tr
yarragm;tr
yarraimin;tr
yarrak;tr
yarrakftermstoblock;tr
yarram;tr
yarramin;tr
yarraminbaÅŸÄ±;tr
yarramn;tr
yarramÄ±n;tr
yarran;tr
yarrana;tr
yarraÄŸ;tr
yarraÄŸÄ±m;tr
yarraÄŸÄ±mÄ±;tr
yarrk;tr
yarro;tr
yarrrak;tr
yaudi;tr
yavak;tr
yavuÅŸak;tr
yavÅŸ;tr
yavÅŸak;tr
yavÅŸaktÄ±r;tr
yavÅŸamak;tr
yaÄŸudi;tr
yilisik;tr
yogurtlayam;tr
yosma;tr
yoÄŸurtlayam;tr
yrak;tr
yrk;tr
yrrak;tr
yrrk;tr
yÄ±lÄ±ÅŸÄ±k;tr
zibidi;tr
zigsin;tr
zikeyim;tr
zikiiim;tr
zikiim;tr
zikik;tr
zikim;tr
ziksiiin;tr
ziksiin;tr
zina;tr
zulliyetini;tr
zviyetini;tr
zÄ±kkÄ±mÄ±m;tr
Ã§alÄ±ÅŸmakistermisiniz?;tr
Ã§ingene;tr
Ã§ingenede;tr
Ã§ingeneden;tr
Ã§ingeneler;tr
Ã§ingenelerde;tr
Ã§ingenelerden;tr
Ã§ingenelere;tr
Ã§ingeneleri;tr
Ã§ingenelerin;tr
Ã§ingenenin;tr
Ã§ingeneye;tr
Ã§ingeneyi;tr
Ã§Ã¼k;tr
Ã¶kÃ¼z;tr
Ã¶l;tr
Ã¶ÅŸex;tr
Ã¼kler;tr
Ã¼lker;tr
Ã¼lkÃ¼cÃ¼;tr
Ä±bnelÄ±k;tr
Ä±srail;tr
Ä±srayÄ±l;tr
Ä±sraÄ±l;tr
ÅŸerefsiz;tr
ÅŸerefsizler;tr
ÅŸerefsizlerin;tr
ÅŸerefsizlik;tr
ÅŸirret;tr
ÅŸiÅŸme;tr
ÅŸiÅŸmebebek;tr
ÅŸiÅŸmekadÄ±n;tr
ÅŸiÅŸmemanken;tr
ÅŸÄ±llÄ±k;tr
ÅŸÄ±rfÄ±ntÄ±;tr
SIK;tr
